lr_scale,lr,eps,step,grad_norm,outside_fraction,binding_fraction,surrogate_clipped,surrogate_unclipped,mean_abs_ratio_dev,ratio_max,ratio_min,tokens
1.0,3e-06,0.05,0,0.051927413791418076,0.0,0.0,-1.542904167616749e-05,-1.542904167616749e-05,0.002199565360733839,1.0295535326004028,0.9566501975059509,8814
1.0,3e-06,0.05,1,0.051884304732084274,0.00011345586566825505,0.00011345586566825505,1.8924711403566502e-06,1.929259121702024e-06,0.0022739783311501527,1.0539497137069702,0.9700733423233032,8814
1.0,3e-06,0.05,2,0.05200297385454178,0.0,0.0,4.493922421200248e-06,4.493922421200248e-06,0.002296135644402016,1.03347909450531,0.9597768187522888,8814
1.0,3e-06,0.05,3,0.05199776217341423,0.0,0.0,8.210017076825132e-05,8.210017076825132e-05,0.002280834623548431,1.0388070344924927,0.9597791433334351,8814
1.0,3e-06,0.05,4,0.05189111456274986,0.0,0.0,8.456469501852854e-05,8.456469501852854e-05,0.0022920406213660397,1.0487096309661865,0.9564540386199951,8814
1.0,3e-06,0.05,5,nan,0.0,0.0,0.00010251755451490637,0.00010251755451490637,0.0023041465384148136,1.0460137128829956,0.9571651220321655,8814
1.0,3e-06,0.2,0,0.051927413791418076,0.0,0.0,-1.542904167616749e-05,-1.542904167616749e-05,0.002199565360733839,1.0295535326004028,0.9566501975059509,8814
1.0,3e-06,0.2,1,0.05189445614814758,0.0,0.0,1.929259121702024e-06,1.929259121702024e-06,0.0022739783311501527,1.0539497137069702,0.9700733423233032,8814
1.0,3e-06,0.2,2,0.05186696723103523,0.0,0.0,3.886487929221046e-05,3.886487929221046e-05,0.0022688035335242137,1.0539720058441162,0.9557820558547974,8814
1.0,3e-06,0.2,3,0.051934048533439636,0.0,0.0,9.832118194282312e-05,9.832118194282312e-05,0.002270735910156835,1.0459965467453003,0.957025945186615,8814
1.0,3e-06,0.2,4,0.052071139216423035,0.0,0.0,7.68656197226126e-05,7.68656197226126e-05,0.002318525844510786,1.0335546731948853,0.9699452519416809,8814
1.0,3e-06,0.2,5,nan,0.0,0.0,9.941454238839665e-05,9.941454238839665e-05,0.002273986162121182,1.038861632347107,0.9562670588493347,8814
1.0,3e-06,0.5,0,0.051927413791418076,0.0,0.0,-1.542904167616749e-05,-1.542904167616749e-05,0.002199565360733839,1.0295535326004028,0.9566501975059509,8814
1.0,3e-06,0.5,1,0.05189445614814758,0.0,0.0,1.929259121702024e-06,1.929259121702024e-06,0.0022739783311501527,1.0539497137069702,0.9700733423233032,8814
1.0,3e-06,0.5,2,0.05186696723103523,0.0,0.0,3.886487929221046e-05,3.886487929221046e-05,0.0022688035335242137,1.0539720058441162,0.9557820558547974,8814
1.0,3e-06,0.5,3,0.051934048533439636,0.0,0.0,9.832118194282312e-05,9.832118194282312e-05,0.002270735910156835,1.0459965467453003,0.957025945186615,8814
1.0,3e-06,0.5,4,0.052071139216423035,0.0,0.0,7.68656197226126e-05,7.68656197226126e-05,0.002318525844510786,1.0335546731948853,0.9699452519416809,8814
1.0,3e-06,0.5,5,nan,0.0,0.0,9.941454238839665e-05,9.941454238839665e-05,0.002273986162121182,1.038861632347107,0.9562670588493347,8814
30.0,9e-05,0.05,0,0.051927413791418076,0.0,0.0,-1.542904167616749e-05,-1.542904167616749e-05,0.002199565360733839,1.0295535326004028,0.9566501975059509,8814
30.0,9e-05,0.05,1,0.0489480122923851,0.0014749262536873156,0.0014749262536873156,0.0011071093044016998,0.0011528019248316665,0.002810670123339403,1.1263537406921387,0.9240289926528931,8814
30.0,9e-05,0.05,2,0.04757259786128998,0.004424778761061947,0.004424778761061947,0.00250307583662829,0.0027233767677170362,0.004013423391391502,1.226296305656433,0.844658613204956,8814
30.0,9e-05,0.05,3,0.0443999283015728,0.01100521896982074,0.010891763104152484,0.003764513103172626,0.004260094873970643,0.005410271029583797,1.2232967615127563,0.788385272026062,8814
30.0,9e-05,0.05,4,0.041087806224823,0.019854776491944632,0.019627864760608123,0.004824028984608227,0.005723071201117585,0.006904003130272453,1.2905884981155396,0.7564351558685303,8814
30.0,9e-05,0.05,5,nan,0.03267528931245745,0.032221465849784435,0.0058022224094312095,0.007194778912186974,0.008441186874989941,1.3759030103683472,0.7259593605995178,8814
30.0,9e-05,0.2,0,0.051927413791418076,0.0,0.0,-1.542904167616749e-05,-1.542904167616749e-05,0.002199565360733839,1.0295535326004028,0.9566501975059509,8814
30.0,9e-05,0.2,1,0.052223652601242065,0.0,0.0,0.0011528019248316665,0.0011528019248316665,0.002810670123339403,1.1263537406921387,0.9240289926528931,8814
30.0,9e-05,0.2,2,0.05246813967823982,0.0003403675970047651,0.0003403675970047651,0.002782391614591505,0.002805553544046442,0.004072767152574183,1.2725685834884644,0.7698427438735962,8814
30.0,9e-05,0.2,3,0.051414426416158676,0.0013614703880190605,0.0013614703880190605,0.004274325763554375,0.004411844864220529,0.00558684028842321,1.3758817911148071,0.6958788633346558,8814
30.0,9e-05,0.2,4,0.05269922316074371,0.0017018379850238256,0.0017018379850238256,0.005915409208885904,0.006182293678752847,0.007295104464300912,1.5046910047531128,0.6185650825500488,8814
30.0,9e-05,0.2,5,nan,0.002496029044701611,0.002496029044701611,0.007368197104599245,0.007796601262362008,0.009077521781951682,1.6222541332244873,0.591962456703186,8814
30.0,9e-05,0.5,0,0.051927413791418076,0.0,0.0,-1.542904167616749e-05,-1.542904167616749e-05,0.002199565360733839,1.0295535326004028,0.9566501975059509,8814
30.0,9e-05,0.5,1,0.052223652601242065,0.0,0.0,0.0011528019248316665,0.0011528019248316665,0.002810670123339403,1.1263537406921387,0.9240289926528931,8814
30.0,9e-05,0.5,2,0.053621452301740646,0.0,0.0,0.002805553544046442,0.002805553544046442,0.004072767152574183,1.2725685834884644,0.7698427438735962,8814
30.0,9e-05,0.5,3,0.055340565741062164,0.0,0.0,0.00446366582134291,0.00446366582134291,0.00566456799797117,1.4669663906097412,0.658501148223877,8814
30.0,9e-05,0.5,4,0.05594869703054428,0.0002269117313365101,0.0002269117313365101,0.006116060921738471,0.006177304254682907,0.0074547779027204384,1.855205774307251,0.5418931841850281,8814
30.0,9e-05,0.5,5,nan,0.0005672793283412752,0.0005672793283412752,0.00791833014993514,0.008038224994338287,0.009301260942121956,2.062328338623047,0.4671131670475006,8814
