n_groups,informative_rate,mean_group_std,var_relative_signal,weak_signal_rate,informative_rate_ci,mean_group_std_ci,K,bin,n_prompts,n_generations,random_partition_informative_rate_mean,random_partition_mean_group_std_mean,random_partition_mean_group_std_sd
96,0.9375,0.3845672607421875,0.3368348789711793,0.11458333333333333,0.8333..1.0000,0.2684..0.5305,2,all,24,192,0.94765625,0.3882425435384114,0.02748631499287623
32,0.84375,0.49340057373046875,0.5984376166015863,0.1875,0.5938..1.0000,0.2305..0.8598,2,hard,8,64,,,
32,0.96875,0.41237640380859375,0.3040905836969614,0.09375,0.9062..1.0000,0.2524..0.6067,2,medium,8,64,,,
32,1.0,0.2479248046875,0.10797643661499023,0.0625,1.0000..1.0000,0.1673..0.3455,2,easy,8,64,,,
48,0.9583333333333334,0.5410043647319412,0.4677260586371024,0.041666666666666664,0.8750..1.0000,0.4014..0.7123,4,all,24,192,0.9583333333333335,0.5494217206217284,0.017867862422277767
16,0.875,0.6614877562072954,0.786526813171804,0.125,0.6250..1.0000,0.3130..1.0919,4,hard,8,64,,,
16,1.0,0.5516941225351226,0.4017186826094985,0.0,1.0000..1.0000,0.3673..0.7615,4,medium,8,64,,,
16,1.0,0.40983121545340573,0.21493268013000488,0.0,1.0000..1.0000,0.2790..0.5471,4,easy,8,64,,,
24,0.9583333333333334,0.6190544134665205,0.5598951438441873,0.041666666666666664,0.8750..1.0000,0.4647..0.8033,8,all,24,192,0.9583333333333335,0.6190544134665206,1.1102230246251565e-16
8,0.875,0.7633688437029319,0.8869009069167078,0.125,0.6250..1.0000,0.4081..1.1938,8,hard,8,64,,,
8,1.0,0.5990220788024174,0.44691224163398147,0.0,1.0000..1.0000,0.4060..0.8108,8,medium,8,64,,,
8,1.0,0.49477231789421244,0.34587228298187256,0.0,1.0000..1.0000,0.3001..0.7484,8,easy,8,64,,,
